Role,Common Hiring Mistakes,Cost Analysis,Essential Skills Assessment,FAQs,Hiring Process,Industries hiring {{ Role }},Interview Strategy,Introduction,Job Description Guidelines,Key Takeaways,Key responsibilities,Onboarding Best Practices,Pearl's Support System,Related Roles,Relationship Management,The Pearl Advantage,Types of {{ Role }},What is a {{ Role }}?,What is an {{ Role }}?,Why hire a {{ Role }}?,Why hire an {{ Role }}?
Market Research Analysts,"Methodology gaps
Analysis skill mismatch
Tool proficiency oversight
Communication barriers
Industry knowledge gaps","Market rate comparison
ROI calculation
Research value assessment
Decision impact
Long-term benefits","Research methodologies
Data analysis
Statistical tools
Survey design
Report writing
Communication skills
Problem-solving abilities
Industry awareness","Why choose Pearl?
Research standards
Methodology scope
Timeline expectations
Support details
Pricing structure","Research skills assessment
Methodology evaluation
Technical verification
Analysis capabilities check
Cultural fit evaluation
Case study review","Consumer goods
Technology companies
Retail businesses
Financial services
Healthcare organizations
Marketing agencies
Consulting firms
Start-ups","Methodology discussion
Analysis scenarios
Technical questions
Research design review
Communication assessment
Problem-solving evaluation","Brief overview of market research
Data-driven decision making importance
Pearl's role in connecting top research talent","Research requirements
Technical skills
Experience requirements
Tool proficiency
Analysis capabilities","Research excellence
Methodology importance
Success factors
Long-term impact","Market analysis
Consumer research
Competitor analysis
Trend identification
Survey design
Data collection
Report creation
Recommendations development","Research tools setup
Data access
Team introduction
Process documentation
Performance metrics
Methodology alignment","90-day guarantee
Research support
Training resources
Performance monitoring
Success metrics","Data Analyst (for data-focused analysis)
Business Analyst (for business insights)
Consumer Insights Manager (for consumer research)","Project reviews
Methodology updates
Skill development
Communication standards
Team collaboration","Our vetting process
Research expertise verification
Methodology assessment
Quality standards
Cost-effectiveness
Industry knowledge","Quantitative researchers
Qualitative researchers
Consumer behavior specialists
Experience levels
Salary expectations by level","Definition and role scope
Research methodology expertise
Data analysis capabilities
Business impact assessment",,"Market insight generation
Consumer behavior understanding
Competitive intelligence
Strategic planning support
Success stories and case studies",
Product Managers,"Strategy-execution gap
Technical knowledge mismatch
Leadership style misfit
Communication barriers
Scope understanding","Market rate comparison
ROI calculation
Product impact value
Team efficiency
Long-term benefits","Strategic thinking
User empathy
Data analysis
Technical knowledge
Communication skills
Problem-solving abilities
Leadership capabilities
Industry awareness","Why choose Pearl?
Product standards
Leadership scope
Timeline expectations
Support details
Pricing structure","Product skills assessment
Leadership evaluation
Technical understanding
Strategic thinking check
Cultural fit evaluation
Case study review","Technology companies
SaaS providers
E-commerce businesses
Financial services
Healthcare tech
Enterprise software
Consumer apps
Digital platforms","Product cases
Strategy discussion
Technical questions
Leadership scenarios
Communication assessment
Problem-solving evaluation","Brief overview of product management
Strategic product leadership importance
Pearl's role in connecting top product talent","Strategic requirements
Technical knowledge
Experience requirements
Leadership skills
Cross-functional abilities","Strategic leadership
Product excellence
Success factors
Long-term impact","Product strategy
Roadmap development
Feature prioritization
User research
Stakeholder management
Team leadership
Data analysis
Product metrics","Product tools setup
Team introduction
Process documentation
Stakeholder alignment
Performance metrics
Strategy integration","90-day guarantee
Leadership support
Training resources
Performance monitoring
Success metrics","Technical Product Manager (for technical products)
Product Marketing Manager (for go-to-market)
E-commerce Manager (for online retail)","Team leadership
Stakeholder management
Career development
Communication standards
Cross-functional collaboration","Our vetting process
Product expertise verification
Leadership assessment
Quality standards
Cost-effectiveness
Industry knowledge","Technical PMs
Growth PMs
Consumer PMs
Experience levels
Salary expectations by level","Definition and role scope
Strategic product ownership
Cross-functional leadership
Business impact driving",,"Product strategy development
Market-fit optimization
Revenue growth
User satisfaction
Success stories and case studies",
SEO Managers,"Technical knowledge gaps
Strategy misalignment
Tool proficiency oversight
Communication barriers
Results measurement issues","Market rate comparison
ROI calculation
Traffic value assessment
Conversion impact
Long-term benefits","Technical SEO knowledge
Content optimization
Analytics proficiency
Tool expertise
Project management
Communication skills
Problem-solving abilities
Industry awareness","Why choose Pearl?
Technical standards
Strategy scope
Timeline expectations
Support details
Pricing structure","Technical assessment
Strategy evaluation
Skills verification
Tool proficiency check
Cultural fit evaluation
Case study review","E-commerce companies
Digital agencies
Technology firms
Media companies
SaaS providers
Online retailers
B2B companies
Content publishers","Technical questions
Strategy discussion
Case study analysis
Tool proficiency test
Communication assessment
Problem-solving evaluation","Brief overview of SEO management
Digital visibility importance
Pearl's role in connecting top SEO talent","Technical requirements
Strategic responsibilities
Experience requirements
Tool proficiency
Team management skills","Strategic importance
Technical excellence
Success factors
Long-term impact","SEO strategy development
Keyword research
Content optimization
Technical SEO
Link building
Analytics and reporting
Team coordination
Algorithm updates monitoring","Tool access setup
Analytics access
Team introduction
Process documentation
Performance metrics
Strategy alignment","90-day guarantee
Technical support
Training resources
Performance monitoring
Success metrics","Content Manager (for content strategy)
Digital Marketing Manager (for broader marketing)
Analytics Manager (for data-driven insights)","Performance reviews
Strategy updates
Team coordination
Communication standards
Growth planning","Our vetting process
SEO expertise verification
Technical assessment
Quality standards
Cost-effectiveness
Industry knowledge","Technical SEO specialists
Content SEO experts
Local SEO managers
Experience levels
Salary expectations by level",,"Definition and role scope
Strategic vs. technical SEO
Search landscape understanding
Business impact measurement",,"Organic traffic growth
Search visibility improvement
Competitive advantage
ROI optimization
Success stories and case studies"
Financial Analysts,"Technical skill gaps
Industry knowledge mismatch
Tool proficiency oversight
Communication barriers
Cultural fit issues","Market rate comparison
ROI calculation
Value assessment
Productivity gains
Long-term benefits","Financial modeling
Data analysis
Excel proficiency
Statistical knowledge
Industry awareness
Communication skills
Problem-solving abilities
Technical tools expertise","Why choose Pearl?
Technical standards
Analysis scope
Timeline expectations
Support details
Pricing structure","Technical assessment
Financial modeling test
Skills verification
Industry knowledge check
Cultural fit evaluation
Background verification","Investment firms
Corporate finance
Banking institutions
Technology companies
Consulting firms
Private equity
Real estate firms
Start-ups","Technical questions
Case studies
Financial modeling test
Analysis scenarios
Communication assessment
Problem-solving evaluation","Brief overview of financial analysis
Strategic importance in business decisions
Pearl's role in connecting top financial talent","Technical requirements
Key responsibilities
Experience requirements
Educational background
Tool proficiency","Technical excellence
Success factors
Best practices
Long-term impact","Financial modeling
Budget analysis
Investment research
Performance metrics
Trend analysis
Financial reporting
Risk assessment
Forecasting","Systems access
Tool setup
Data access
Reporting protocols
Performance metrics
Team integration","90-day guarantee
Technical support
Training resources
Performance monitoring
Success metrics","Financial Controller (for financial oversight)
Business Analyst (for broader business analysis)
Investment Analyst (for investment-focused analysis)","Performance reviews
Skill development
Career progression
Communication standards
Team collaboration","Our vetting process
Financial expertise verification
Technical assessment
Quality standards
Cost-effectiveness
Industry knowledge","Investment analysts
Corporate finance analysts
Budget analysts
Experience levels
Salary expectations by level","Definition and role scope
Strategic financial planning
Data-driven decision support
Business impact assessment",,"Financial insights generation
Data-driven decision making
Investment optimization
Risk management
Success stories and case studies",
UI/UX Designers,"Portfolio misinterpretation
Process misalignment
Tool proficiency gaps
Communication barriers
Scope understanding","Market rate comparison
ROI calculation
Design impact value
Productivity gains
Long-term benefits","Design principles
User research
Prototyping tools
Visual design
Information architecture
Communication skills
Problem-solving abilities
Technical understanding","Why choose Pearl?
Design standards
Process scope
Timeline expectations
Support details
Pricing structure","Portfolio review
Design challenge
Skills verification
Tool proficiency check
Cultural fit evaluation
Case study presentation","Technology companies
Digital agencies
E-commerce businesses
SaaS providers
Financial services
Healthcare tech
Mobile app developers
Enterprise software","Portfolio discussion
Design process review
Technical questions
Problem-solving scenarios
Communication assessment
Collaboration evaluation","Brief overview of UI/UX design
User experience importance
Pearl's role in connecting top design talent","Design requirements
Technical skills
Experience requirements
Tool proficiency
Team collaboration","Design excellence
Process importance
Success factors
Long-term impact","User research
Information architecture
Wireframing
Prototyping
Visual design
Usability testing
Design systems
User journey mapping","Design tools setup
Asset access
Team introduction
Process documentation
Performance metrics
Brand guidelines","90-day guarantee
Design support
Training resources
Performance monitoring
Success metrics","Graphic Designer (for visual design focus)
Product Designer (for product-focused design)
Web Designer (for web-specific design)","Design reviews
Feedback process
Skill development
Communication standards
Team collaboration","Our vetting process
Design expertise verification
Portfolio assessment
Quality standards
Cost-effectiveness
Industry knowledge","Product designers
Interaction designers
Visual designers
Experience levels
Salary expectations by level","Definition and role scope
UI vs. UX specialization
Modern design practices
Business impact measurement",,"User experience optimization
Conversion improvement
Brand consistency
Product usability
Success stories and case studies",
Legal Assistants,"Experience verification gaps
Confidentiality oversight
Technical skill mismatch
Communication barriers
Cultural fit issues","Market rate comparison
ROI calculation
Efficiency gains
Cost savings
Long-term benefits","Legal knowledge
Document management
Research abilities
Technical proficiency
Communication skills
Attention to detail
Problem-solving abilities
Confidentiality awareness","Why choose Pearl?
Legal standards
Support scope
Timeline expectations
Support details
Pricing structure","Legal skills assessment
Technical verification
Confidentiality screening
Experience validation
Cultural fit evaluation
Reference checks","Law firms
Corporate legal departments
Government agencies
Non-profit organizations
Financial institutions
Healthcare organizations
Technology companies
Real estate firms","Legal scenarios
Technical questions
Confidentiality assessment
Communication evaluation
Attention to detail check
Problem-solving scenarios","Brief overview of legal assistance
Legal support importance
Pearl's role in connecting top legal talent","Legal requirements
Technical skills
Experience requirements
Confidentiality standards
Professional certifications","Legal excellence
Confidentiality importance
Success factors
Long-term impact","Legal document preparation
Case file management
Legal research
Client communication
Court filing assistance
Calendar management
Deadline tracking
Administrative support","Legal software setup
Document access
Team introduction
Process documentation
Performance metrics
Confidentiality training","90-day guarantee
Technical support
Training resources
Performance monitoring
Success metrics","Paralegal (for advanced legal support)
Compliance Specialist (for regulatory focus)
Administrative Assistant (for general admin support)","Performance reviews
Skill development
Communication standards
Team integration
Professional growth","Our vetting process
Legal expertise verification
Confidentiality assurance
Quality standards
Cost-effectiveness
Industry knowledge","Corporate legal assistants
Litigation support specialists
IP legal assistants
Experience levels
Salary expectations by level","Definition and role scope
Legal support functions
Modern legal tech capabilities
Business impact assessment",,"Legal efficiency improvement
Administrative support
Document management
Compliance assistance
Success stories and case studies",
