URL,Title,Meta Description,H1,Title Length,Meta Description Length,H1 Length,Title = H1?,SEO Issues
https://www.pearltalent.com/resources/executive-assistant-to-ceo-job-description,Comprehensive 2024 CEO Executive Assistant Job Description Template,Providing a clear CEO executive assistant job description is essential to hiring a candidate who can give the CEO the most effective support. A well-crafted job description helps organizations attract qualified candidates who can contribute to the CEO's strategic goals and overall efficiency.,Comprehensive 2024 CEO Executive Assistant Job Description Template,67,293,67,Yes,Title too long; Meta desc too long
https://www.pearltalent.com/resources/executive-assistant-job-description,"Executive Assistant Responsibilities: Skills, Duties, and a Free Template","In today's fast-paced business world, organizations rely on skilled professionals to ensure smooth operations and effective management. Executive assistants support high-level executives and manage their busy schedules, making executive assistant responsibilities essential to overall efficiency.","Executive Assistant Responsibilities: Skills, Duties, and a Free Template",73,296,73,Yes,Title too long; Meta desc too long
https://www.pearltalent.com/resources/honest-review-of-taskus-a-2024-ultimate-guide,Honest Review of TaskUs: A 2024 Ultimate Guide,"Discover an in-depth review of TaskUs, a leading outsourcing company, and learn about its services, strengths, and areas for improvement. Get insights into customer experiences and recommendations for businesses considering outsourcing.",Honest Review of TaskUs: A 2024 Ultimate Guide,46,236,46,Yes,Meta desc too long
https://www.pearltalent.com/resources/healthcare-virtual-assistant-hiring-platforms-7-sites,Healthcare Virtual Assistant Hiring Platforms: 7+ Sites,"The healthcare industry witnesses an escalating demand for efficient solutions, fostering a growing need for virtual healthcare assistants. These digital aides are pivotal in streamlining medical records, patient data, and administrative tasks, constituting a significant pillar within the healthcare sector.",Healthcare Virtual Assistant Hiring Platforms: 7+ Sites,55,308,55,Yes,Meta desc too long
https://www.pearltalent.com/resources/administrative-assistant-skills,7+ Administrative Assistant Skills to Know Before Hiring,"Explore the essential administrative assistant skills needed for hiring top-tier candidates. Learn about organizational skills, communication, and more to streamline your hiring process.",7+ Administrative Assistant Skills to Know Before Hiring,56,186,56,Yes,Meta desc too long
https://www.pearltalent.com/resources/hire-executive-assistant,16+ Best Sites to Hire Executive Assistants for Startups,Discover the best platforms to hire executive assistants for startups. Explore top sites that connect you with skilled professionals to support your business needs.,16+ Best Sites to Hire Executive Assistants for Startups,56,164,56,Yes,Meta desc too long
https://www.pearltalent.com/resources/types-of-outsourcing,9 Types Of Outsourcing: Pros & Cons | Identify The Best Fit,Outsourcing is catching on like wildfire in today's business world. But you know what the real kicker is in all of this? Knowing the different types of outsourcing to see which will work best for you.,9 Types Of Outsourcing: Pros & Cons | Identify The Best Fit,59,200,59,Yes,Meta desc too long
https://www.pearltalent.com/resources/virtual-assistant-cost,Virtual Assistant Cost: Calculating Ideal Hourly Costs 2024,Discover the ideal hourly costs for hiring a virtual assistant in 2024. Learn about the factors affecting costs and how to calculate your total expenses effectively.,Virtual Assistant Cost: Calculating Ideal Hourly Costs 2024,59,165,59,Yes,Meta desc too long
https://www.pearltalent.com/resources/best-calendar-management-tools,7+ Best Calendar Management Tools For Busy Executives,Effective calendar management is crucial for maximizing productivity and staying organized in today's fast-paced world. Choosing the best calendar management tools can be overwhelming with the many options available. Here's a step-by-step guide to help you make the right choice:,7+ Best Calendar Management Tools For Busy Executives,53,279,53,Yes,Meta desc too long
https://www.pearltalent.com/resources/personal-assistant-job-description,Personal Assistant Job Description: Role and Responsibilities,"Creating a personal assistant job description involves highlighting the role of supporting executives and managers in prioritizing task efficiency and managing daily operations. Personal assistants handle a variety of business tasks, allowing executives or top managers to concentrate on strategic decision-making.",Personal Assistant Job Description: Role and Responsibilities,61,314,61,Yes,Title too long; Meta desc too long
https://www.pearltalent.com/resources/remote-sales-representative,What Are the Advantages of Having a Remote Sales Representative?,"The rise of remote work has transformed how businesses operate. This shift has brought new opportunities for efficiency and flexibility. In the sales industry, remote sales representatives lead this change, offering a fresh approach to reaching customers.",What Are the Advantages of Having a Remote Sales Representative?,64,255,64,Yes,Title too long; Meta desc too long
https://www.pearltalent.com/resources/7-sites-to-search-for-medical-virtual-assistant-jobs-in-2023,9 Sites to Search for Virtual Medical Assistant Jobs in 2025,"In 2025, finding the right medical virtual assistant job can be incredibly challenging and time-consuming. Many qualified candidates waste weeks scrolling through generic job boards, only to find postings that don't match their healthcare experience or end up being scams.",9 Sites to Search for Virtual Medical Assistant Jobs in 2025,60,272,60,Yes,Meta desc too long
https://www.pearltalent.com/resources/client-success-manager-role,What is a Client Success Manager? Role + Essential Skills,"A client success manager is crucial for customer-centric businesses, ensuring customers receive the support and guidance they need to fully utilize and benefit from a company's products or services.",What is a Client Success Manager? Role + Essential Skills,57,198,57,Yes,Meta desc too long
https://www.pearltalent.com/resources/executive-assistant-job-description-examples-tips,Executive Assistant Job Description: Examples & Tips,"A practical executive assistant job description is crucial for any organization seeking to secure top talent and ensure smooth operations. Businesses can attract candidates who align with their needs and goals by clearly outlining the roles, responsibilities, required skills, and qualifications.",Executive Assistant Job Description: Examples & Tips,52,296,52,Yes,Meta desc too long
https://www.pearltalent.com/resources/top-virtual-assistant-websites,11+ Top Virtual Assistant Websites in 2024,"Virtual assistants play a pivotal role across various industries today. They efficiently handle tasks like data entry, project management, social media management, email marketing, and much more, freeing up valuable time for businesses and entrepreneurs.",11+ Top Virtual Assistant Websites in 2024,42,254,42,Yes,Meta desc too long
https://www.pearltalent.com/resources/amazon-virtual-assistant-jobs,Guide to Amazon Virtual Assistant Jobs: How to Get Started,"Explore the intricacies of Amazon virtual assistant jobs, including responsibilities, necessary skills, and how to excel in this dynamic role.",Guide to Amazon Virtual Assistant Jobs: How to Get Started,58,142,58,Yes,None
https://www.pearltalent.com/resources/how-much-for-a-virtual-assistant-global-statistics-for-2023,How Much for a Virtual Assistant? Global Statistics for 2024,"Understanding how much for a virtual assistant is crucial for informed decision-making on a global scale. Paying virtual assistants varies across regions, skills, and payment structures.",How Much for a Virtual Assistant? Global Statistics for 2024,60,186,60,Yes,Meta desc too long
https://www.pearltalent.com/resources/medical-billing-outsourcing-companies,Best 9+ Medical Billing Outsourcing Companies for 2024,Selecting the right medical billing outsourcing company is crucial for the success of your healthcare practice. These top medical billing companies can significantly reduce administrative burdens and improve cash flow.,Best 9+ Medical Billing Outsourcing Companies for 2024,54,218,54,Yes,Meta desc too long
https://www.pearltalent.com/resources/bookkeeping-services-for-small-businesses,7+ Sites to Hire Bookkeeping Services for Small Businesses,"Finding reliable bookkeeping services for small businesses remains a challenge, necessitating a guide to navigate the many options available.",7+ Sites to Hire Bookkeeping Services for Small Businesses,58,141,58,Yes,None
https://www.pearltalent.com/resources/admin-assistant-job,What is an Admin Assistant: Job Description + 5 Benefits,"Explore the essential role of an admin assistant in modern workplaces, their responsibilities, and the benefits they bring to organizational efficiency.",What is an Admin Assistant: Job Description + 5 Benefits,56,152,56,Yes,None
https://www.pearltalent.com/resources/outsourcing-strategy,Build Your Outsourcing Strategy in 5 Simple Steps + Examples,"A great outsourcing strategy gives you a way out of ineffective sticky situations by cutting costs, increasing efficiency, and accomplishing specialized tasks. But there are certain preliminaries you should follow â€“ internal readiness assessments to ensure that it will benefit your organization in many ways.",How To Build An Outsourcing Strategy In 5 Steps + Examples,60,309,58,No,Meta desc too long; Title/H1 mismatch
https://www.pearltalent.com/resources/how-do-staffing-agencies-make-money,The Business Behind It: How Do Staffing Agencies Make Money,"Several businesses increasingly rely on staffing agencies to efficiently connect them with qualified candidates in a competitive job market. These agencies have become essential partners by managing the complexities of recruitment and placement, ensuring a good fit for both companies and job seekers.",The Business Behind It: How Do Staffing Agencies Make Money,59,301,59,Yes,Meta desc too long
