Keyword,Intent,Volume,Trend,Keyword Difficulty,CPC (USD),SERP Features
Data Analyst,"Informational, Commercial",74000,"0.81,1.00,1.00,1.00,1.00,0.81,0.81,1.00,0.81,0.81,0.81,0.67",64,4.98,"Sitelinks, AI Overview, Video, People also ask, Related searches, Things to know"
Software Engineer,Informational,60500,"0.67,0.67,0.81,1.00,0.81,0.67,0.67,0.81,0.81,0.81,0.81,0.81",74,6.62,"Sitelinks, AI Overview, Image pack, Video, People also ask, Related searches, See results about, Things to know"
Developer,Commercial,22200,"1.00,0.66,0.66,0.81,0.66,0.66,0.81,0.66,0.44,0.81,1.00,0.81",100,4.21,"Sitelinks, Video, Related searches, Things to know"
Full Stack Developer,Informational,12100,"0.81,0.81,0.81,1.00,0.81,0.81,0.67,0.81,0.81,0.81,0.81,1.00",57,5.33,"Sitelinks, Image pack, Video, People also ask, Related searches, Things to know"
Mobile App Developers,Commercial,6600,"0.44,0.66,0.54,0.24,0.66,0.81,0.66,0.29,0.44,0.81,1.00,0.81",75,14.92,"Sitelinks, Video, Video carousel, People also ask, Local pack, Related searches, Things to know"
Coders,Informational,5400,"0.54,0.54,1.00,1.00,0.66,1.00,0.81,0.66,0.66,0.54,0.81,0.23",60,4.92,"Sitelinks, Image pack, Video, People also ask, Related searches, See results about"
Front end Developer,Informational,5400,"0.54,0.67,0.67,0.67,1.00,0.35,0.35,0.81,0.44,0.67,0.67,0.54",75,5.00,"Sitelinks, AI Overview, Video, People also ask, Knowledge panel, Related searches, Things to know, Ads middle"
Automation Engineer,Informational,4400,"0.54,0.66,0.66,0.66,0.66,0.66,0.66,0.81,0.66,0.81,0.66,1.00",46,5.24,"Sitelinks, AI Overview, Video, People also ask, Knowledge panel, Related searches, Things to know"
Back end Developer,Informational,2400,"0.66,0.66,0.66,0.66,0.83,0.83,0.83,1.00,0.66,0.83,0.83,0.83",58,6.23,"Sitelinks, AI Overview, Image pack, Video, People also ask, Related searches, Things to know"
Software Developers,Informational,2400,"0.67,1.00,0.44,0.52,0.67,0.52,0.67,0.52,0.44,1.00,0.80,1.00",66,9.36,"Sitelinks, AI Overview, Image pack, Video, People also ask, Related searches, See results about, Things to know, Ads bottom"
Web Developers,Informational,2400,"0.36,0.36,0.42,1.00,0.53,0.42,0.81,0.42,0.28,0.36,0.53,0.53",75,9.44,"Sitelinks, Video, People also ask, Knowledge panel, Related searches, Things to know, Ads top, Ads middle"
AI Engineers,Navigational,1600,"0.55,0.30,0.34,0.55,0.34,0.44,0.55,0.65,0.55,1.00,0.55,0.55",61,4.90,"Sitelinks, Video, People also ask, Related searches, See results about"
Android Developers,Navigational,1600,"1.00,0.36,0.44,0.66,0.36,0.36,0.52,0.36,0.20,0.44,0.27,0.20",100,10.01,"Sitelinks, Video, People also ask, Twitter carousel, Related searches"
Ethical Hackers,Informational,1300,"0.36,0.24,0.30,1.00,0.79,0.30,0.41,0.41,0.54,0.66,0.36,0.54",53,4.91,"Featured snippet, Sitelinks, Video, People also ask, Knowledge panel, Related searches, Things to know"
Shopify Developers,Informational,1300,"0.30,0.54,0.41,0.41,0.66,0.36,0.41,0.41,0.54,1.00,0.66,0.79",45,13.84,"Sitelinks, Image pack, Video, People also ask, Discussions and forums, Related searches, See results about"
WordPress Developers,"Informational, Commercial",1000,"0.30,0.38,0.52,0.46,0.46,0.20,0.52,0.68,0.84,1.00,0.84,1.00",68,15.28,"Sitelinks, Video, Related searches, Things to know"
QA Automation Engineer,Commercial,880,"0.55,1.00,0.55,0.62,0.45,0.24,0.36,0.55,0.81,0.62,0.45,0.45",23,3.47,"Sitelinks, Image pack, Video, People also ask, Jobs, Related searches"
Video Game Testers,Informational,880,"0.83,0.34,0.20,0.13,1.00,0.10,0.16,0.30,0.01,0.45,0.01,0.83",45,1.91,"Sitelinks, Reviews, Image pack, Video, People also ask, Discussions and forums, Related searches"
Java Developers,Informational,720,"0.88,0.88,0.59,0.38,0.47,0.59,0.88,1.00,0.59,0.15,0.59,0.38",43,4.50,"Sitelinks, AI Overview, Reviews, Video, Short videos, People also ask, Discussions and forums, Related searches, Things to know"
Magento Developers,Informational,720,"0.24,0.30,0.30,0.36,0.55,0.45,0.55,0.62,0.55,1.00,0.45,0.36",51,17.41,"AI Overview, Video, Video carousel, People also ask, Knowledge panel, Related searches, Ads bottom, Ads middle"
React Developers,Informational,720,"0.55,1.00,1.00,0.76,0.55,0.67,0.36,0.30,0.24,0.20,0.10,0.45",62,18.12,"Sitelinks, AI Overview, Image pack, Video, People also ask, Related searches, Things to know, Ads bottom"
BigCommerce Developers,Informational,480,"0.88,1.00,0.26,0.39,0.21,0.32,0.21,0.26,0.48,0.48,0.48,0.39",43,36.83,"Sitelinks, Image pack, Video, People also ask, Related searches, Things to know"
Salesforce Developers,Navigational,480,"0.24,1.00,0.54,0.82,0.36,0.29,0.36,0.82,0.82,0.67,1.00,0.82",57,8.54,"Sitelinks, Video, People also ask, Knowledge panel, Twitter carousel, Related searches, Ads top, Ads middle"
Blockchain Developers,Informational,390,"0.15,0.28,0.83,0.36,1.00,1.00,0.36,0.83,0.28,0.44,0.67,0.67",67,5.40,"Sitelinks, AI Overview, Reviews, Video, People also ask, Related searches, Things to know"
DevOps Engineers,Informational,320,"0.23,0.15,0.54,1.00,0.54,0.23,0.36,0.23,0.36,0.54,0.67,0.36",50,4.92,"Sitelinks, Reviews, Image pack, Video, People also ask, Related searches"
Laravel Developers,Informational,320,"0.44,0.11,0.44,0.44,0.66,0.66,0.81,0.54,0.54,0.35,1.00,0.54",46,37.32,"Sitelinks, AI Overview, Reviews, Image pack, Video, People also ask, Related searches"
.NET Developers,Informational,260,"0.22,0.22,0.28,0.56,0.67,0.67,0.67,0.83,0.28,1.00,0.56,0.83",38,0.00,"Sitelinks, Reviews, Image pack, Video, People also ask, Related searches, Ads top, Ads bottom"
React Native Developers,Navigational,260,"0.42,0.53,0.67,0.82,0.17,0.17,0.82,1.00,1.00,1.00,0.82,0.82",41,22.02,"Sitelinks, AI Overview, Video, People also ask, Knowledge panel, Related searches"
WooCommerce Developers,"Informational, Transactional",260,"0.15,0.19,0.02,0.36,0.12,0.54,0.54,0.66,0.54,0.81,0.81,1.00",54,28.05,"Sitelinks, Image pack, Video, People also ask, Related searches, See results about"
Flutter Developers,Navigational,210,"0.10,0.43,0.67,0.54,1.00,0.00,0.67,0.28,0.43,0.28,0.22,0.22",67,13.76,"Sitelinks, Video, People also ask, Related searches"
Offshore Developers,Informational,210,"0.14,0.29,0.14,0.02,0.66,0.29,0.54,0.66,0.43,0.66,0.81,1.00",21,119.77,"Sitelinks, AI Overview, Reviews, Video, People also ask, Related searches, Ads middle"
Unity Developers,"Navigational, Transactional",210,"0.42,0.33,0.42,0.25,0.17,1.00,0.33,0.54,1.00,1.00,0.67,0.33",64,8.49,"Sitelinks, Reviews, Image, Video, People also ask, Related searches, Things to know, Ads bottom"
AWS Developers,Navigational,170,"0.81,1.00,0.10,0.28,0.28,0.19,0.54,0.43,0.07,0.10,0.35,0.06",70,6.50,"Sitelinks, Image pack, Video, People also ask, Knowledge panel, Related searches, Things to know"
Database Developers,Informational,170,"0.52,0.52,0.52,0.33,0.52,0.43,1.00,0.81,0.33,0.43,0.52,0.81",27,14.45,"Sitelinks, AI Overview, Reviews, Image pack, Video, People also ask, Related searches"
JavaScript Developers,Informational,170,"0.64,0.53,0.53,0.17,0.17,0.42,0.64,0.81,1.00,1.00,1.00,0.53",38,10.02,"Sitelinks, AI Overview, Image pack, Video, People also ask, Related searches"
PHP Developers,Informational,170,"0.15,0.65,0.11,0.52,0.65,0.81,0.09,0.81,0.52,1.00,0.81,0.11",31,28.50,"Sitelinks, AI Overview, Reviews, Image pack, Video, Video carousel, People also ask, Related searches, Things to know"
Python Developers,Informational,170,"0.07,0.06,0.28,0.06,0.66,0.43,0.15,0.54,0.66,0.28,1.00,0.28",70,7.32,"Sitelinks, AI Overview, Reviews, Image pack, Video, People also ask, Related searches, Things to know, Ads bottom"
Joomla Developers,Informational,140,"0.11,0.07,0.03,0.11,0.65,0.65,1.00,1.00,0.53,0.80,0.80,0.80",23,24.54,"Sitelinks, Video, People also ask, Related searches"
Ruby on Rails Developers,Informational,110,"0.27,0.12,0.23,0.12,0.23,0.42,0.35,0.53,0.82,0.12,1.00,0.53",58,29.38,"Sitelinks, Reviews, Video carousel, People also ask, Related searches, Things to know"
Angular Developers,Informational,90,"0.53,0.35,1.00,0.08,0.53,0.42,0.26,0.80,0.03,0.03,0.15,0.15",41,21.46,"Sitelinks, AI Overview, Reviews, Video, Short videos, People also ask, Related searches"
Embedded Software Engineers,Informational,90,"0.66,1.00,0.66,0.66,0.51,0.17,0.43,0.51,0.00,0.09,0.00,0.00",21,8.60,"Sitelinks, Reviews, Image pack, Video, Short videos, People also ask, Related searches, Things to know"
Power BI Developers,Informational,90,"0.09,0.12,0.65,0.12,0.06,1.00,0.21,0.21,0.15,0.28,0.09,0.12",44,8.00,"Sitelinks, Image pack, Video, People also ask, Related searches, Things to know"
Remote Developers,Commercial,90,"0.03,0.43,0.17,0.66,0.17,0.17,0.80,0.23,0.31,0.43,0.43,1.00",44,8.77,"Sitelinks, Reviews, Image pack, Video, Video carousel, Discussions and forums, Related searches, Ads top, Ads bottom"
C# Developers,Informational,70,"0.00,0.00,0.04,0.00,0.52,0.23,0.33,0.52,0.52,1.00,0.14,0.14",27,8.70,"Sitelinks, AI Overview, Image pack, Video, People also ask, Related searches, Things to know"
SharePoint Developers,Informational,70,"0.45,0.09,0.45,0.64,0.82,0.18,0.82,0.82,1.00,1.00,0.27,0.45",35,8.02,"Sitelinks, Image pack, Video, People also ask, Related searches, Ads top, Ads bottom"
Squarespace Developers,Navigational,70,"0.00,0.35,1.00,0.50,1.00,0.29,0.35,0.50,0.00,0.50,0.79,0.79",40,11.50,"Sitelinks, Image pack, Video, People also ask, Knowledge panel, Related searches, Ads bottom"
Swift Developers,Informational,70,"0.11,0.11,0.11,0.64,1.00,0.64,0.64,0.11,0.11,0.64,0.11,0.11",63,33.25,"Sitelinks, Reviews, Image pack, Video, People also ask, Related searches"
Azure Developers,Informational,50,"0.09,0.09,0.09,0.09,0.09,0.09,0.09,0.42,0.09,1.00,0.51,0.51",59,18.74,"Sitelinks, Reviews, Image pack, Video, People also ask, Related searches, Things to know"
Odoo Developers,Informational,50,"0.00,0.40,0.17,0.17,0.65,0.00,0.00,0.23,0.17,1.00,0.00,0.29",46,17.89,"Sitelinks, Video, People also ask, Related searches, Ads top, Ads bottom"
Prototype Developers,Informational,50,"0.11,0.11,0.22,0.55,1.00,1.00,1.00,0.77,0.55,0.55,0.55,0.77",34,11.55,"Sitelinks, Reviews, Image pack, Video, People also ask, Local pack, Related searches"
Vue.js Developers,"Informational, Commercial",50,"0.14,0.00,0.00,0.09,0.19,0.00,0.23,0.33,0.66,1.00,0.52,0.14",41,19.98,"Sitelinks, Reviews, Image pack, Video carousel, Short videos, People also ask, Related searches"
Kubernetes Developers,Informational,30,"0.00,0.00,0.11,0.44,0.00,0.11,0.22,1.00,0.78,0.78,0.55,0.55",41,5.32,"Sitelinks, Image pack, Video carousel, People also ask, Related searches"
Next.js Developers,,30,"0.00,0.14,0.57,0.57,1.00,0.00,0.14,0.57,0.29,0.14,0.14,0.43",,0.00,
Twilio Developers,,20,"0.67,0.67,0.67,0.33,1.00,1.00,0.00,0.67,0.33,0.67,0.67,0.33",,15.89,
iBeacon Developers,,20,"1.00,1.00,1.00,1.00,1.00,1.00,1.00,1.00,1.00,1.00,1.00,0.00",,0.00,
HTML5 Developers,,10,"0.00,0.00,0.00,0.00,0.00,0.00,0.00,1.00,1.00,0.75,0.50,0.00",,15.70,
Startup Developers,,10,"0.00,0.00,0.00,0.00,0.00,0.00,0.00,0.33,0.67,0.33,1.00,0.33",,10.04,
Svelte Developers,,10,"0.00,1.00,1.00,1.00,0.50,0.00,0.00,0.50,0.00,0.50,1.00,0.00",,10.87,
Expedia Developers,,0,"0.00,0.00,0.00,0.00,0.00,0.00,0.00,0.00,0.00,0.00,0.00,0.00",,0.00,
