URL,Title,Meta Description,H1,Status,Notes
https://www.pearltalent.com/resources/executive-assistant-to-ceo-job-description,Comprehensive 2024 CEO Executive Assistant Job Description Template,Providing a clear CEO executive assistant job description is essential to hiring a candidate who can give the CEO the most effective support. A well-crafted job description helps organizations attract qualified candidates who can contribute to the CEO's strategic goals and overall efficiency.,Comprehensive 2024 CEO Executive Assistant Job Description Template,SUCCESS,Scraped successfully
https://www.pearltalent.com/resources/executive-assistant-job-description,,,,PENDING,Awaiting scrape
https://www.pearltalent.com/resources/honest-review-of-taskus-a-2024-ultimate-guide,,,,PENDING,Awaiting scrape
https://www.pearltalent.com/resources/healthcare-virtual-assistant-hiring-platforms-7-sites,,,,PENDING,Awaiting scrape
https://www.pearltalent.com/resources/administrative-assistant-skills,,,,PENDING,Awaiting scrape
https://www.pearltalent.com/resources/hire-executive-assistant,,,,PENDING,Awaiting scrape
https://www.pearltalent.com/resources/types-of-outsourcing,,,,PENDING,Awaiting scrape
https://www.pearltalent.com/resources/7-sites-to-search-for-medical-virtual-assistant-jobs-in-2023,,,,PENDING,Awaiting scrape
https://www.pearltalent.com/resources/best-calendar-management-tools,,,,PENDING,Awaiting scrape
https://www.pearltalent.com/resources/client-success-manager-role,,,,PENDING,Awaiting scrape
https://www.pearltalent.com/resources/executive-assistant-job-description-examples-tips,,,,PENDING,Awaiting scrape
https://www.pearltalent.com/resources/virtual-assistant-cost,,,,PENDING,Awaiting scrape
https://www.pearltalent.com/resources/top-virtual-assistant-websites,,,,PENDING,Awaiting scrape
https://www.pearltalent.com/resources/personal-assistant-job-description,,,,PENDING,Awaiting scrape
https://www.pearltalent.com/resources/amazon-virtual-assistant-jobs,,,,PENDING,Awaiting scrape
https://www.pearltalent.com/resources/how-much-for-a-virtual-assistant-global-statistics-for-2023,,,,PENDING,Awaiting scrape
https://www.pearltalent.com/resources/remote-sales-representative,,,,PENDING,Awaiting scrape
https://www.pearltalent.com/resources/medical-billing-outsourcing-companies,,,,PENDING,Awaiting scrape
https://www.pearltalent.com/resources/bookkeeping-services-for-small-businesses,,,,PENDING,Awaiting scrape
https://www.pearltalent.com/resources/admin-assistant-job,,,,PENDING,Awaiting scrape
https://www.pearltalent.com/resources/outsourcing-strategy,,,,PENDING,Awaiting scrape
https://www.pearltalent.com/resources/how-do-staffing-agencies-make-money,,,,PENDING,Awaiting scrape
https://www.pearltalent.com/resources/what-is-a-medical-transcriptionist-job-description-for-2024,,,,PENDING,Awaiting scrape
https://www.pearltalent.com/resources/talent-acquisition-partner,,,,PENDING,Awaiting scrape
https://www.pearltalent.com/resources/inbound-sales-representative,,,,PENDING,Awaiting scrape
https://www.pearltalent.com/resources/offshore-outsourcing-examples,,,,PENDING,Awaiting scrape
https://www.pearltalent.com/resources/tasks-you-can-outsource-to-vas,,,,PENDING,Awaiting scrape
https://www.pearltalent.com/resources/remote-staffing-agency,,,,PENDING,Awaiting scrape
https://www.pearltalent.com/resources/finance-and-accounting-outsourcing-companies,,,,PENDING,Awaiting scrape
https://www.pearltalent.com/resources/revenue-cycle-management-companies,,,,PENDING,Awaiting scrape
https://www.pearltalent.com/resources/best-virtual-assistant-websites,,,,PENDING,Awaiting scrape
https://www.pearltalent.com/resources/7-best-sites-to-hire-a-real-estate-virtual-assistant,,,,PENDING,Awaiting scrape
https://www.pearltalent.com/resources/7-best-virtual-assistant-companies-to-source-talent-in-2024,,,,PENDING,Awaiting scrape
https://www.pearltalent.com/resources/customer-support-outsourcing,,,,PENDING,Awaiting scrape
https://www.pearltalent.com/resources/it-staffing-agencies,,,,PENDING,Awaiting scrape
https://www.pearltalent.com/resources/hire-administrative-assistant,,,,PENDING,Awaiting scrape
https://www.pearltalent.com/resources/top-7-customer-service-bpo-companies-to-watch-in-2024,,,,PENDING,Awaiting scrape
https://www.pearltalent.com/resources/healthcare-virtual-assistant,,,,PENDING,Awaiting scrape
https://www.pearltalent.com/resources/best-outsource-cpa-services-for-startup,,,,PENDING,Awaiting scrape
https://www.pearltalent.com/resources/top-it-staffing-companies-in-usa,,,,PENDING,Awaiting scrape
https://www.pearltalent.com/resources/legal-virtual-assistant,,,,PENDING,Awaiting scrape
https://www.pearltalent.com/resources/benefits-of-outsourcing-philippines,,,,PENDING,Awaiting scrape
https://www.pearltalent.com/resources/medical-appointment-scheduling-software,,,,PENDING,Awaiting scrape
https://www.pearltalent.com/resources/medical-transcription-software,,,,PENDING,Awaiting scrape
https://www.pearltalent.com/resources/how-do-temp-agencies-work,,,,PENDING,Awaiting scrape
https://www.pearltalent.com/resources/benefits-of-hiring-a-virtual-assistant,,,,PENDING,Awaiting scrape
https://www.pearltalent.com/resources/outsourced-sales-team,,,,PENDING,Awaiting scrape
https://www.pearltalent.com/resources/e-commerce-virtual-assistants,,,,PENDING,Awaiting scrape
https://www.pearltalent.com/resources/finance-staffing-agency,,,,PENDING,Awaiting scrape
https://www.pearltalent.com/resources/virtual-assistant-outsourcing-top-9-reasons-to-consider,,,,PENDING,Awaiting scrape
https://www.pearltalent.com/resources/how-to-hire-a-virtual-assistant-for-real-estate-agents,,,,PENDING,Awaiting scrape
https://www.pearltalent.com/resources/remote-bookkeeping,,,,PENDING,Awaiting scrape
https://www.pearltalent.com/resources/outsource-customer-service,,,,PENDING,Awaiting scrape
https://www.pearltalent.com/resources/virtual-assistant-philippines,,,,PENDING,Awaiting scrape
https://www.pearltalent.com/resources/executive-marketing-recruiters,,,,PENDING,Awaiting scrape
https://www.pearltalent.com/resources/top-rpo-companies,,,,PENDING,Awaiting scrape
https://www.pearltalent.com/resources/how-to-hire-the-best-virtual-assistant-for-small-business,,,,PENDING,Awaiting scrape
https://www.pearltalent.com/resources/outsource-healthcare,,,,PENDING,Awaiting scrape
https://www.pearltalent.com/resources/healthcare-virtual-assistant-companies,,,,PENDING,Awaiting scrape
https://www.pearltalent.com/resources/medical-business-process-outsourcing,,,,PENDING,Awaiting scrape
https://www.pearltalent.com/resources/virtual-executive-assistants-for-large-organizations,,,,PENDING,Awaiting scrape
https://www.pearltalent.com/resources/what-is-a-temp-agency,,,,PENDING,Awaiting scrape
https://www.pearltalent.com/resources/b2b-sales-outsourcing-companies,,,,PENDING,Awaiting scrape
https://www.pearltalent.com/resources/outsource-medical-billing,,,,PENDING,Awaiting scrape
https://www.pearltalent.com/resources/virtual-medical-receptionist,,,,PENDING,Awaiting scrape
https://www.pearltalent.com/resources/outsourcing-accounting-services-for-small-business,,,,PENDING,Awaiting scrape
https://www.pearltalent.com/resources/healthcare-business-process-outsourcing-services,,,,PENDING,Awaiting scrape
https://www.pearltalent.com/resources/outsource-web-design-philippines,,,,PENDING,Awaiting scrape
https://www.pearltalent.com/resources/nearshore-outsourcing,,,,PENDING,Awaiting scrape
https://www.pearltalent.com/resources/top-7-reasons-to-outsource-it-managed-services-2023-guide,,,,PENDING,Awaiting scrape
https://www.pearltalent.com/resources/what-is-talent-acquisition,,,,PENDING,Awaiting scrape
https://www.pearltalent.com/resources/payroll-outsourcing-service,,,,PENDING,Awaiting scrape
https://www.pearltalent.com/resources/seo-outsourcing-company,,,,PENDING,Awaiting scrape
https://www.pearltalent.com/resources/top-9-sites-to-outsource-seo-tasks-a-guide-for-2023,,,,PENDING,Awaiting scrape
